"Average weekly earnings by industry, monthly, unadjusted for seasonality c 1 2 3 4 5"
"Frequency: Monthly"
"Table: 14-10-0203-01 (formerly CANSIM 281-0026)"
"Release date: 2026-02-26"
"Geography: Canada, Province or territory"
""
""

"Geography","Ontario",,,,,,,,,,,,,,,,,,,,,,,,,,,,,,,,,,,,,,,,,,,,,,,,,,,,,,,,,,,,,,,,,,,,,,,,,,,,,,,,,,,,,,,,,,,,,,,,,,,,,,,,,,,,,,,,,,,,,,,,,,,,,,,,,,,,,,,,,,,,,,,,,,,,,,,,,,,,,,,,,,,,,,,,,,,,,,,,,,,,,,,,,,,,,,,,,,,,,,,,,,,,,,,,,,,,,,,
"Type of employees","All employees 6",,,,,,,,,,,,,,,,,,,,,,,,,,,,,,,,,,,,,,,,,,,,,,,,,,,,,,,,,,,,,,,,,,,,,,,,,,,,,,,,,,,,,,,,,,,,,,,,,,,,,,,,,,,,,,,,,,,,,,,,,,,,,,,,,,,,,,,,,,,,,,,,,,,,,,,,,,,,,,,,,,,,,,,,,,,,,,,,,,,,,,,,,,,,,,,,,,,,,,,,,,,,,,,,,,,,,,,
"Overtime","Excluding overtime",,,,,,,,,,,,,,,,,,,,,,,,,,,,,,,,,,,,,,,,,,,,,,,,,,,,,,,,,,,,,,,,,,,,,,,,,,,,,,,,,,,,,,,,,,,,,,,,,,,,,,,,,,,,,,,,,,,,,,,,,,,,,,,,,,,,,,,,,,,,,,,,,,,,,,,,,,,,,,,,,,,,,,,,,,,,,,,,,,,,,,,,,,,,,,,,,,,,,,,,,,,,,,,,,,,,,,,
"North American Industry Classification System (NAICS) 5","January 2017","Symbol","February 2017","Symbol","March 2017","Symbol","April 2017","Symbol","May 2017","Symbol","June 2017","Symbol","July 2017","Symbol","August 2017","Symbol","September 2017","Symbol","October 2017","Symbol","November 2017","Symbol","December 2017","Symbol","January 2018","Symbol","February 2018","Symbol","March 2018","Symbol","April 2018","Symbol","May 2018","Symbol","June 2018","Symbol","July 2018","Symbol","August 2018","Symbol","September 2018","Symbol","October 2018","Symbol","November 2018","Symbol","December 2018","Symbol","January 2019","Symbol","February 2019","Symbol","March 2019","Symbol","April 2019","Symbol","May 2019","Symbol","June 2019","Symbol","July 2019","Symbol","August 2019","Symbol","September 2019","Symbol","October 2019","Symbol","November 2019","Symbol","December 2019","Symbol","January 2020","Symbol","February 2020","Symbol","March 2020","Symbol","April 2020","Symbol","May 2020","Symbol","June 2020","Symbol","July 2020","Symbol","August 2020","Symbol","September 2020","Symbol","October 2020","Symbol","November 2020","Symbol","December 2020","Symbol","January 2021","Symbol","February 2021","Symbol","March 2021","Symbol","April 2021","Symbol","May 2021","Symbol","June 2021","Symbol","July 2021","Symbol","August 2021","Symbol","September 2021","Symbol","October 2021","Symbol","November 2021","Symbol","December 2021","Symbol","January 2022","Symbol","February 2022","Symbol","March 2022","Symbol","April 2022","Symbol","May 2022","Symbol","June 2022","Symbol","July 2022","Symbol","August 2022","Symbol","September 2022","Symbol","October 2022","Symbol","November 2022","Symbol","December 2022","Symbol","January 2023","Symbol","February 2023","Symbol","March 2023","Symbol","April 2023","Symbol","May 2023","Symbol","June 2023","Symbol","July 2023","Symbol","August 2023","Symbol","September 2023","Symbol","October 2023","Symbol","November 2023","Symbol","December 2023","Symbol","January 2024","Symbol","February 2024","Symbol","March 2024","Symbol","April 2024","Symbol","May 2024","Symbol","June 2024","Symbol","July 2024","Symbol","August 2024","Symbol","September 2024","Symbol","October 2024","Symbol","November 2024","Symbol","December 2024","Symbol","January 2025","Symbol","February 2025","Symbol","March 2025","Symbol","April 2025","Symbol","May 2025","Symbol","June 2025","Symbol","July 2025","Symbol","August 2025","Symbol","September 2025","Symbol","October 2025","Symbol","November 2025","Symbol","December 2025","Symbol"
,"Current dollars",,,,,,,,,,,,,,,,,,,,,,,,,,,,,,,,,,,,,,,,,,,,,,,,,,,,,,,,,,,,,,,,,,,,,,,,,,,,,,,,,,,,,,,,,,,,,,,,,,,,,,,,,,,,,,,,,,,,,,,,,,,,,,,,,,,,,,,,,,,,,,,,,,,,,,,,,,,,,,,,,,,,,,,,,,,,,,,,,,,,,,,,,,,,,,,,,,,,,,,,,,,,,,,,,,,,,,,
"Industrial aggregate excluding unclassified businesses  [11-91N] 7 8","969.58","A","975.63","A","972.44","A","967.11","A","963.23","A","973.92","A","954.50","A","961.65","A","971.82","A","968.24","A","984.49","A","1,006.32","A","991.64","A","1,007.43","A","999.88","A","993.07","A","989.80","A","1,004.43","A","983.24","A","994.64","A","994.79","A","999.87","A","1,013.33","A","1,030.09","A","1,010.32","A","1,017.78","A","1,021.87","A","1,017.71","A","1,029.33","A","1,021.54","A","1,018.64","A","1,028.33","A","1,030.26","B","1,032.22","B","1,038.55","B","1,058.91","B","1,042.84","B","1,048.83","B","1,047.69","B","1,108.08","B","1,142.95","B","1,128.90","B","1,115.49","B","1,116.22","B","1,114.76","B","1,105.46","B","1,122.48","B","1,141.48","B","1,149.79","B","1,162.47","B","1,144.83","B","1,138.71","B","1,148.28","B","1,130.08","B","1,123.14","B","1,135.53","B","1,131.23","B","1,132.77","B","1,129.95","B","1,152.60","B","1,158.99","B","1,166.34","B","1,182.67","B","1,167.87","B","1,164.17","B","1,155.04","B","1,153.33","B","1,161.34","B","1,165.28","B","1,160.00","B","1,169.17","B","1,177.06","B","1,189.57","B","1,191.35","B","1,201.65","B","1,205.63","B","1,202.12","B","1,199.17","B","1,199.80","B","1,206.67","B","1,204.32","B","1,200.03","B","1,206.12","B","1,224.62","B","1,228.85","B","1,232.56","B","1,254.16","B","1,256.22","B","1,257.90","B","1,260.20","B","1,262.57","B","1,274.09","B","1,278.06","B","1,277.69","B","1,292.08","B","1,312.19","B","1,316.51","B","1,312.76","B","1,308.08","B","1,305.53","B","1,297.71","B","1,298.48","B","1,307.89","B","1,310.68","B","1,317.21","B","1,313.61","B","1,326.17","B","1,333.87","B"
"Goods producing industries  [11-33N] 9","1,133.12","A","1,148.12","A","1,152.64","A","1,123.81","A","1,090.33","A","1,110.63","A","1,124.46","A","1,118.73","A","1,147.26","A","1,128.35","A","1,137.53","A","1,155.96","A","1,130.01","A","1,161.54","A","1,151.47","A","1,144.53","A","1,145.93","A","1,141.16","A","1,128.76","A","1,149.91","A","1,134.79","A","1,145.62","A","1,167.16","A","1,180.04","A","1,175.79","A","1,184.64","A","1,181.01","A","1,172.41","A","1,178.09","A","1,165.11","A","1,181.53","A","1,200.67","A","1,188.85","B","1,201.88","B","1,194.13","B","1,236.74","A","1,219.96","A","1,211.61","B","1,189.41","B","1,214.08","B","1,198.13","B","1,204.77","B","1,216.48","B","1,216.76","B","1,224.51","B","1,203.07","B","1,241.09","B","1,271.34","B","1,235.24","B","1,242.03","B","1,233.57","B","1,231.52","B","1,225.55","B","1,237.43","B","1,235.67","B","1,250.79","B","1,241.99","B","1,242.72","B","1,265.95","B","1,298.74","B","1,278.88","B","1,301.88","B","1,331.51","B","1,301.79","B","1,300.15","A","1,322.13","B","1,304.55","B","1,305.17","B","1,313.13","B","1,312.00","B","1,330.15","B","1,324.38","B","1,354.97","B","1,371.53","B","1,360.40","B","1,363.72","B","1,338.03","B","1,355.99","B","1,340.70","B","1,339.51","B","1,343.38","B","1,350.87","B","1,342.73","B","1,369.44","B","1,364.78","B","1,388.26","B","1,399.26","B","1,409.02","B","1,423.64","B","1,408.53","B","1,398.60","B","1,416.98","B","1,406.45","B","1,412.75","B","1,410.31","B","1,415.78","B","1,427.81","B","1,446.98","B","1,433.53","B","1,427.80","B","1,423.07","B","1,425.21","B","1,443.03","C","1,430.50","B","1,448.99","B","1,452.45","B","1,453.89","B","1,438.54","B"
"Forestry, logging and support  [11N] 10","1,005.07","A","1,051.67","A","1,145.59","A","1,034.02","B","983.18","A","867.13","A","895.91","A","1,001.14","A","1,030.33","A","1,031.66","A","1,006.25","A","1,163.83","B","1,025.86","A","1,178.47","B","1,135.52","A","1,074.08","A","985.85","B","1,039.28","A","1,009.34","A","1,097.95","A","992.83","B","994.09","A","1,045.98","A","1,075.30","A","1,103.92","A","1,117.21","B","1,114.69","B","1,002.12","B","1,108.02","B","1,105.61","A","1,102.72","A","1,112.91","A","1,074.85","B","1,103.14","C","1,082.76","B","1,179.43","B","1,156.76","C","1,098.95","C","1,006.36","B","1,019.06","B","1,151.08","B","979.31","B","936.61","A","1,057.68","B","1,127.71","C","1,036.89","B","1,050.30","B","1,208.71","B","1,049.32","B","1,180.59","B","1,058.43","C","1,077.57","C","1,064.93","C","1,050.02","C","956.93","B","1,001.92","B","1,080.46","C","1,133.09","B","1,122.51","B","1,115.06","C","1,205.05","B","1,048.02","B","1,101.01","B","1,096.52","A","1,066.30","B","1,100.02","C","1,057.15","C","1,129.12","B","1,218.99","B","1,263.64","C","1,234.80","B","1,308.05","C","1,307.78","C","1,225.16","C","1,369.55","C","1,384.95","C","1,195.25","B","1,192.27","B","1,200.23","B","1,183.35","C","1,255.00","B","1,171.83","B","1,248.36","B","1,262.44","C","1,294.00","B","1,302.32","B","1,311.33","B","1,259.77","C","1,324.80","C","1,186.40","B","1,188.77","C","1,305.53","C","1,196.26","C","1,300.44","C","1,252.84","B","1,476.63","B","1,358.10","B","1,270.31","B","1,297.50","B","1,303.02","C","1,399.85","B","1,294.71","C","1,306.07","B","1,225.47","C","1,266.72","B","1,360.94","B","1,391.88","B","1,463.75","B"
"Mining, quarrying, and oil and gas extraction  [21]","1,638.67","A","1,660.07","B","1,639.84","A","1,457.08","A","1,480.84","A","1,527.89","B","1,517.16","A","1,552.65","A","1,513.07","A","1,420.09","A","1,540.39","A","1,729.63","A","1,636.46","A","1,816.16","B","1,433.22","A","1,573.17","A","1,485.38","A","1,593.50","B","1,566.03","A","1,553.19","A","1,683.65","A","1,723.11","B","1,608.20","B","1,759.36","A","1,898.13","B","1,932.23","B","1,847.47","B","1,880.06","A","1,753.71","C","1,601.44","B","1,658.73","B","1,517.48","A","1,446.83","D","1,643.00","A","1,773.33","B","1,759.21","B","1,814.55","C","1,850.13","B","1,946.99","C","1,703.10","C","1,680.53","B","1,809.97","B","1,623.99","D","1,700.86","D","1,669.81","D","1,586.22","B","1,687.89","B","1,531.58","B","1,595.15","B","1,750.47","B","1,799.10","B","1,760.31","B","1,767.13","B","1,685.13","B","1,786.21","B","1,842.77","B","1,812.22","B","1,711.21","A","1,797.68","B","1,792.77","A","1,818.71","B","1,857.62","B","1,771.87","A","1,785.38","B","1,792.42","A","1,766.62","C","1,848.24","B","1,802.98","A","1,760.51","B","1,735.65","B","1,721.05","B","1,839.21","B","1,846.99","B","1,893.49","B","1,916.23","B","2,065.19","B","1,797.46","B","1,763.08","C","1,667.46","B","1,750.20","B","1,775.31","B","1,779.90","B","1,810.58","B","1,858.48","C","1,839.32","B","1,939.65","C","1,985.55","B","2,052.74","B","1,894.77","B","1,814.25","B","1,848.00","B","1,832.15","B","1,830.53","B","1,866.67","B","1,934.02","B","2,008.06","B","1,999.15","B","2,010.79","B","1,939.87","A","2,049.36","B","1,990.61","B","1,927.06","B","2,018.49","B","2,122.49","B","2,024.77","B","2,002.17","B","2,131.88","B","2,030.59","B"
"Utilities  [22,221]","1,718.59","A","1,843.06","B","1,769.16","B","1,596.38","A","1,579.76","A","1,759.25","B","1,932.99","A","1,873.13","B","1,842.25","A","1,866.88","A","1,885.22","B","1,885.29","A","1,861.89","A","2,136.25","A","1,833.07","A","1,926.05","A","1,807.17","A","1,887.31","A","1,842.23","A","1,715.33","A","1,738.32","A","1,766.18","A","1,685.75","A","1,713.04","A","1,816.58","A","1,857.95","A","1,786.55","A","1,786.49","A","1,856.83","A","1,902.55","A","1,859.59","A","1,849.76","A","1,861.56","C","1,876.70","B","1,831.79","B","1,944.24","B","2,050.77","B","1,977.19","B","2,037.45","B","1,918.21","C","1,829.69","B","1,905.94","C","1,681.44","B","1,756.34","A","1,692.88","A","1,739.58","A","1,875.97","B","1,806.06","A","1,939.98","B","1,831.35","A","1,783.96","B","1,807.56","A","1,846.66","B","1,831.66","A","1,832.37","A","1,883.12","A","1,740.20","A","1,870.14","B","1,894.64","A","1,862.43","B","1,795.66","A","1,942.77","B","1,987.80","A","1,826.04","A","1,915.22","B","1,943.00","B","1,970.84","B","1,870.14","B","1,783.60","B","1,810.84","B","2,067.95","C","1,907.76","B","1,921.89","C","2,028.14","B","1,989.58","B","2,047.85","B","1,969.90","B","2,005.96","B","1,974.45","A","1,974.24","C","1,929.59","A","1,969.86","A","2,013.14","B","2,037.35","B","2,151.63","A","2,027.65","A","2,061.37","B","2,014.69","B","2,064.78","C","1,988.37","B","1,972.58","C","2,053.81","B","1,932.02","C","1,934.76","A","1,958.35","A","2,057.49","B","2,212.29","A","2,226.59","A","2,069.07","A","1,979.58","B","1,903.13","B","1,929.06","A","2,086.08","C","2,122.51","B","2,130.11","A","2,112.04","B","2,173.35","B","2,293.38","B"
"Construction  [23]","1,132.96","A","1,105.83","A","1,127.12","A","1,115.64","A","1,103.54","A","1,110.89","A","1,119.87","A","1,131.58","A","1,176.23","A","1,175.17","A","1,186.85","A","1,145.40","A","1,126.71","A","1,139.42","A","1,210.87","A","1,172.90","A","1,189.20","A","1,195.66","A","1,176.94","A","1,187.35","A","1,181.49","A","1,181.40","A","1,197.70","A","1,206.37","A","1,152.79","A","1,153.97","A","1,199.13","A","1,175.97","A","1,196.57","A","1,196.49","A","1,233.75","A","1,292.53","A","1,232.22","B","1,233.06","B","1,194.87","B","1,237.10","A","1,242.86","A","1,206.67","B","1,184.68","B","1,208.51","B","1,270.78","B","1,274.60","B","1,275.10","B","1,296.08","B","1,276.76","B","1,259.30","A","1,259.46","B","1,271.00","B","1,285.08","B","1,303.31","B","1,316.28","B","1,312.42","B","1,289.35","B","1,313.93","B","1,311.33","B","1,322.07","B","1,290.73","B","1,312.38","B","1,356.06","A","1,328.20","A","1,305.62","B","1,283.51","B","1,342.64","B","1,303.42","B","1,320.35","A","1,386.90","B","1,350.12","B","1,374.05","B","1,404.64","B","1,392.37","B","1,394.37","B","1,370.78","B","1,392.13","B","1,370.16","B","1,374.51","B","1,404.28","B","1,381.24","B","1,380.37","B","1,402.10","B","1,391.49","B","1,421.11","B","1,432.40","B","1,391.16","B","1,385.03","B","1,398.71","B","1,397.68","B","1,406.86","B","1,404.66","B","1,453.35","B","1,453.06","B","1,424.70","B","1,447.62","B","1,459.88","B","1,505.87","B","1,495.44","B","1,437.66","B","1,483.60","B","1,527.66","B","1,531.80","B","1,514.69","B","1,506.13","B","1,515.93","B","1,530.19","C","1,489.31","B","1,536.29","B","1,539.13","B","1,506.92","B","1,431.98","B"
"Manufacturing  [31-33]","1,073.53","A","1,098.81","A","1,101.12","A","1,081.79","A","1,034.30","A","1,050.65","A","1,055.94","A","1,042.49","A","1,068.80","A","1,039.68","A","1,043.51","A","1,088.37","A","1,061.80","A","1,078.83","A","1,066.25","A","1,058.95","A","1,061.94","A","1,040.91","A","1,033.27","A","1,071.61","A","1,042.43","A","1,057.93","A","1,094.76","A","1,104.93","A","1,112.03","A","1,120.09","A","1,100.99","A","1,098.27","A","1,094.55","A","1,075.92","A","1,083.76","A","1,089.71","A","1,104.11","B","1,116.31","A","1,122.55","B","1,161.91","B","1,120.70","A","1,130.45","B","1,092.12","B","1,135.69","B","1,086.51","B","1,085.31","B","1,132.04","B","1,110.78","B","1,141.03","A","1,115.07","B","1,164.54","B","1,220.02","B","1,142.54","B","1,145.93","B","1,127.23","B","1,122.92","B","1,119.50","B","1,129.12","B","1,125.79","B","1,137.53","B","1,151.71","B","1,134.68","B","1,142.48","B","1,219.17","B","1,202.46","B","1,241.23","B","1,258.27","B","1,240.93","B","1,221.04","B","1,217.50","B","1,205.30","B","1,200.79","B","1,204.10","B","1,207.55","B","1,219.73","B","1,231.39","B","1,270.41","B","1,299.33","B","1,279.85","B","1,257.47","B","1,244.60","B","1,274.18","B","1,240.36","B","1,241.88","B","1,231.40","B","1,234.54","B","1,242.16","B","1,289.52","B","1,266.41","B","1,312.04","B","1,319.08","B","1,337.77","B","1,336.06","B","1,320.20","B","1,320.58","B","1,332.94","B","1,316.85","B","1,296.23","B","1,294.63","B","1,329.18","B","1,314.90","B","1,320.76","B","1,310.31","B","1,311.04","B","1,314.01","B","1,311.17","B","1,316.52","B","1,312.36","B","1,318.13","B","1,323.93","B","1,336.37","B","1,350.92","B"
"Service producing industries  [41-91N] 11","935.90","A","940.21","A","935.23","A","934.49","A","936.26","A","944.80","A","917.41","A","926.70","A","934.08","A","934.36","A","952.06","A","974.90","A","963.25","A","975.41","A","968.28","A","961.36","A","956.39","A","974.95","A","951.02","A","959.85","A","964.38","A","968.53","A","980.53","A","998.51","A","976.21","A","983.31","A","989.03","A","985.48","A","997.76","A","991.00","A","983.12","A","990.22","A","996.38","B","996.39","B","1,005.98","B","1,022.11","B","1,006.86","B","1,015.66","B","1,019.48","B","1,086.44","B","1,130.96","B","1,111.70","B","1,092.40","B","1,093.19","B","1,090.56","B","1,084.36","B","1,096.96","B","1,113.53","A","1,131.37","B","1,145.27","B","1,125.83","B","1,118.74","B","1,131.10","B","1,106.31","B","1,098.09","B","1,109.87","B","1,107.33","B","1,109.34","B","1,101.30","B","1,121.98","B","1,134.16","B","1,138.14","B","1,151.78","B","1,140.11","B","1,135.80","B","1,119.94","B","1,120.91","B","1,130.06","B","1,133.98","B","1,128.21","B","1,135.64","B","1,146.64","B","1,156.06","B","1,154.70","B","1,169.45","B","1,173.02","B","1,173.81","B","1,166.22","B","1,169.62","B","1,177.89","B","1,175.11","B","1,168.80","B","1,177.93","B","1,195.11","B","1,201.64","B","1,201.37","B","1,225.30","B","1,225.71","B","1,224.24","B","1,229.91","B","1,234.17","B","1,243.88","B","1,251.63","B","1,250.00","B","1,267.90","B","1,291.22","B","1,294.64","B","1,286.38","B","1,283.37","B","1,281.39","B","1,272.74","B","1,273.19","B","1,280.18","B","1,285.94","B","1,290.69","B","1,285.97","B","1,300.86","B","1,313.33","B"
"Trade  [41-45N] 12","766.76","A","766.08","A","785.95","A","775.74","A","764.54","A","753.95","A","760.88","A","763.48","A","760.72","A","767.74","A","769.46","A","793.96","A","784.95","A","817.77","A","839.36","B","845.88","A","790.89","A","785.10","A","788.39","A","815.68","A","806.89","A","802.64","A","810.72","A","831.15","A","798.74","A","800.18","A","834.34","A","816.48","A","828.11","A","818.87","A","810.38","A","810.97","A","815.10","B","815.32","B","822.46","B","833.43","B","812.19","B","826.24","B","823.14","B","879.29","B","888.68","B","891.40","B","879.03","B","891.11","B","866.50","B","865.41","B","854.59","B","875.11","B","892.34","B","881.30","A","865.04","B","868.80","B","898.56","A","881.84","B","871.40","A","876.56","B","866.34","B","881.16","B","868.39","B","908.88","A","932.78","A","928.69","A","961.22","B","951.58","A","932.91","A","913.30","B","930.28","B","924.23","B","930.32","A","930.80","B","926.53","B","952.87","B","915.50","B","932.14","B","953.41","B","961.69","B","950.06","B","934.51","B","951.97","B","944.39","A","954.74","A","950.73","B","944.32","B","969.03","B","980.94","B","988.93","B","1,021.17","B","1,026.27","B","1,017.00","B","1,014.42","B","1,008.10","B","1,022.36","B","1,022.67","B","1,009.04","A","1,022.07","B","1,014.16","B","1,005.82","B","994.34","B","992.84","B","1,012.98","B","984.58","B","987.89","B","992.36","B","984.96","B","997.91","B","981.87","B","997.35","B","1,001.60","B"
"Transportation and warehousing  [48-49]","910.95","A","889.60","A","934.50","A","953.33","A","984.66","A","982.66","A","950.17","A","982.43","A","942.37","A","937.59","A","973.00","A","946.43","A","934.25","A","943.56","A","930.38","A","954.36","A","975.06","A","944.69","A","956.58","A","949.11","A","931.81","A","955.71","A","977.33","A","985.27","A","975.22","A","989.61","A","983.13","A","1,033.55","A","1,038.32","A","1,025.52","A","1,036.42","A","1,057.92","A","1,062.34","B","1,023.04","B","1,026.97","A","1,036.95","B","1,051.25","A","1,048.28","B","1,020.29","B","1,066.20","B","1,114.22","B","1,098.70","B","1,106.88","B","1,118.54","B","1,106.97","B","1,098.04","B","1,092.37","B","1,116.69","B","1,081.15","B","1,108.22","B","1,115.51","B","1,094.53","B","1,092.40","B","1,068.02","B","1,110.72","B","1,131.14","B","1,109.22","B","1,096.04","B","1,098.81","B","1,081.59","B","1,105.44","B","1,153.21","B","1,150.75","B","1,146.24","B","1,156.68","B","1,158.99","B","1,159.54","B","1,159.69","B","1,142.11","B","1,134.43","B","1,148.04","B","1,118.20","A","1,140.02","B","1,154.10","B","1,150.26","B","1,163.52","B","1,169.01","B","1,172.72","B","1,203.56","B","1,206.95","B","1,181.57","B","1,171.10","B","1,162.38","B","1,177.69","B","1,170.56","B","1,175.72","B","1,199.81","B","1,215.64","B","1,208.87","B","1,231.74","B","1,224.62","B","1,235.18","B","1,230.84","B","1,222.70","B","1,225.69","B","1,203.07","B","1,227.35","C","1,236.94","B","1,247.23","B","1,265.25","C","1,233.96","B","1,271.12","B","1,278.94","B","1,307.14","B","1,290.93","B","1,290.72","B","1,279.99","B","1,302.29","B"
"Information and cultural industries  [51]","1,269.29","A","1,361.72","A","1,387.52","A","1,300.05","A","1,326.01","A","1,353.39","A","1,241.04","A","1,306.60","A","1,276.54","A","1,256.21","A","1,269.00","A","1,305.27","A","1,228.23","A","1,299.12","A","1,261.41","A","1,295.69","A","1,293.53","A","1,421.40","A","1,314.64","A","1,370.10","A","1,379.30","A","1,360.10","A","1,316.11","A","1,335.97","A","1,285.86","A","1,315.97","A","1,277.01","A","1,283.83","A","1,362.25","A","1,355.44","A","1,419.34","A","1,383.92","A","1,461.56","B","1,372.36","B","1,410.26","B","1,457.67","A","1,360.69","B","1,416.15","B","1,431.96","B","1,422.80","C","1,466.67","B","1,399.55","B","1,421.32","B","1,441.06","B","1,585.98","A","1,475.76","B","1,702.30","B","1,646.00","C","1,646.53","B","1,759.30","A","1,773.44","B","1,655.78","B","1,733.87","A","1,715.84","A","1,719.54","A","1,766.00","A","1,765.53","B","1,767.17","A","1,571.26","B","1,597.31","A","1,626.40","B","1,677.33","C","1,660.98","B","1,632.20","C","1,534.74","B","1,478.40","B","1,656.69","B","1,621.91","B","1,700.31","B","1,635.71","B","1,634.86","B","1,578.15","B","1,705.78","B","1,769.93","B","1,828.70","B","1,733.26","B","1,721.71","B","1,744.68","B","1,775.91","B","1,783.81","B","1,835.42","B","1,797.62","B","1,835.15","B","1,742.17","B","1,834.39","B","1,821.16","B","1,832.48","C","1,833.12","B","1,782.44","B","1,814.09","A","1,903.55","B","1,954.97","A","1,947.77","A","1,869.16","B","1,944.61","B","2,095.53","C","2,101.17","B","2,017.98","B","2,123.73","B","2,104.15","B","2,006.18","B","1,959.81","B","1,983.52","C","2,047.52","B","2,005.78","B","2,045.58","C","2,102.95","B","2,196.63","B"
"Finance and insurance  [52]","1,382.02","A","1,423.11","A","1,276.46","A","1,330.09","A","1,282.63","A","1,317.79","A","1,294.73","A","1,381.86","A","1,369.65","A","1,363.42","A","1,454.33","A","1,482.17","A","1,536.98","A","1,498.53","A","1,403.58","A","1,363.66","A","1,362.35","A","1,444.95","A","1,349.19","A","1,360.82","A","1,431.98","A","1,360.37","A","1,408.78","A","1,325.81","A","1,415.88","A","1,385.24","A","1,341.51","A","1,384.71","A","1,452.51","A","1,388.54","A","1,379.33","A","1,401.77","A","1,367.90","B","1,383.09","A","1,411.19","A","1,506.18","B","1,416.63","B","1,441.69","B","1,347.23","B","1,473.93","B","1,546.24","A","1,561.05","B","1,495.59","B","1,553.77","B","1,498.75","A","1,504.45","B","1,537.07","A","1,626.62","A","1,676.86","A","1,629.66","A","1,503.38","A","1,512.35","A","1,544.80","A","1,474.51","A","1,441.77","A","1,468.33","B","1,509.66","A","1,543.67","A","1,591.04","A","1,612.24","B","1,576.77","A","1,625.63","A","1,644.15","A","1,591.89","A","1,672.31","A","1,638.47","B","1,544.46","B","1,672.16","A","1,684.35","B","1,604.52","A","1,593.17","A","1,592.20","C","1,709.43","A","1,530.08","A","1,632.55","A","1,653.05","A","1,667.19","A","1,639.73","A","1,609.36","B","1,593.56","B","1,667.64","A","1,600.51","A","1,682.46","A","1,648.38","A","1,628.02","A","1,611.48","A","1,663.35","A","1,620.72","A","1,636.34","B","1,667.16","A","1,696.35","A","1,735.49","A","1,766.06","A","1,828.41","A","1,795.99","A","2,031.10","B","2,085.33","B","1,908.70","C","1,811.25","B","1,776.18","B","1,783.58","B","1,745.65","B","1,759.40","A","1,833.44","B","1,854.88","B","1,835.45","B","1,852.99","B","1,903.63","B"
"Real estate and rental and leasing  [53]","1,031.41","A","996.97","A","975.71","A","875.38","A","945.59","A","952.44","A","921.63","A","910.85","A","1,030.00","A","977.76","A","1,060.95","A","1,067.50","B","1,079.21","A","1,075.18","A","1,057.85","A","997.11","A","953.90","A","976.09","B","962.15","A","991.60","A","1,002.69","A","1,026.53","A","1,084.94","A","1,062.27","A","1,023.89","B","1,098.55","A","1,100.58","A","1,011.31","A","1,049.76","A","1,012.41","A","1,062.62","A","1,126.52","A","1,056.56","B","983.69","B","974.37","B","988.18","C","967.60","A","1,159.20","B","1,167.36","B","1,140.45","B","1,086.44","B","1,124.39","D","1,244.51","B","1,166.61","B","1,188.57","A","1,217.72","A","1,160.76","A","1,149.75","A","1,208.85","A","1,293.08","A","1,249.50","A","1,203.40","A","1,200.82","B","1,179.65","B","1,158.10","A","1,149.82","B","1,217.86","A","1,217.25","B","1,187.03","B","1,199.72","B","1,159.51","C","1,185.64","B","1,194.46","C","1,195.38","B","1,213.80","B","1,184.37","B","1,175.95","C","1,233.62","B","1,210.91","B","1,272.24","B","1,289.67","B","1,312.60","B","1,296.87","B","1,356.90","B","1,320.52","B","1,270.89","B","1,257.27","C","1,160.44","B","1,144.80","B","1,140.79","B","1,156.75","B","1,169.51","B","1,174.08","B","1,179.06","C","1,266.33","B","1,253.70","B","1,291.10","B","1,281.85","B","1,239.11","B","1,254.17","A","1,228.79","B","1,279.14","B","1,284.30","A","1,279.05","B","1,240.18","B","1,350.05","C","1,323.59","C","1,431.71","B","1,503.60","C","1,420.69","B","1,470.72","B","1,515.46","B","1,435.18","C","1,387.77","B","1,301.73","B","1,358.96","B","1,377.96","B","1,448.55","B"
"Professional, scientific and technical services  [54,541]","1,369.57","A","1,403.78","A","1,417.44","A","1,337.03","A","1,387.75","A","1,388.39","A","1,344.85","A","1,312.80","A","1,347.01","A","1,356.48","A","1,396.66","A","1,503.56","A","1,395.06","A","1,425.22","A","1,419.62","A","1,387.74","A","1,383.78","A","1,400.01","A","1,405.36","A","1,412.65","A","1,400.52","A","1,411.80","A","1,426.03","A","1,549.00","A","1,429.51","A","1,474.98","A","1,497.96","A","1,491.61","A","1,431.56","A","1,469.97","A","1,423.19","A","1,472.58","A","1,484.77","B","1,460.23","B","1,502.06","A","1,546.53","B","1,513.49","A","1,525.00","B","1,488.37","B","1,453.32","C","1,487.71","C","1,475.45","B","1,480.06","C","1,521.47","B","1,491.15","C","1,520.75","B","1,570.43","B","1,588.40","A","1,569.58","B","1,601.85","B","1,616.92","B","1,589.22","B","1,568.79","B","1,503.21","A","1,559.33","B","1,592.56","B","1,560.35","B","1,564.58","B","1,587.36","B","1,688.80","B","1,635.55","B","1,645.09","A","1,692.89","B","1,710.90","C","1,688.56","B","1,693.50","C","1,633.42","C","1,642.23","B","1,655.09","B","1,647.81","B","1,706.41","B","1,758.74","B","1,731.56","B","1,765.00","B","1,781.11","B","1,788.90","B","1,793.99","B","1,776.74","B","1,760.70","B","1,786.39","B","1,737.80","B","1,718.08","C","1,749.10","C","1,840.66","B","1,770.03","C","1,774.46","B","1,849.60","B","1,819.95","B","1,879.25","B","1,806.21","B","1,826.23","A","1,821.87","B","1,822.17","B","1,858.67","C","1,880.59","B","1,932.65","B","1,902.86","B","1,954.74","B","1,950.04","B","1,884.77","C","1,913.10","B","1,924.85","C","1,879.24","B","1,891.78","B","1,909.93","B","1,916.97","B","1,965.12","B","1,946.28","B"
"Management of companies and enterprises  [55,551,5511]","1,511.05","B","1,725.02","C","1,634.37","B","1,645.15","B","1,657.54","B","1,628.72","C","1,665.09","B","1,691.91","B","1,624.93","C","1,717.87","B","1,711.22","B","1,748.42","B","1,712.68","A","1,845.32","B","1,863.40","B","1,854.26","B","1,576.49","B","1,680.77","B","1,650.44","B","1,703.50","B","1,763.23","B","1,732.20","B","1,829.84","B","1,855.75","D","1,653.41","A","","F","1,602.59","C","1,552.39","B","1,486.22","A","1,495.02","D","1,563.29","A","1,681.82","A","1,675.18","C","1,661.96","B","1,656.54","C","1,625.56","C","1,661.52","A","1,742.54","B","1,453.12","C","1,562.72","C","1,745.04","C","1,424.10","C","1,593.27","C","1,644.33","B","1,327.29","C","1,655.23","B","1,498.77","A","1,464.46","B","1,452.31","C","1,474.63","C","1,472.51","D","1,433.76","C","1,458.66","C","1,516.75","A","1,500.11","A","1,420.86","C","1,519.55","C","1,333.11","C","1,449.20","B","1,428.37","B","1,382.37","B","1,389.49","B","1,358.65","C","1,376.74","B","1,467.17","A","1,406.97","C","1,494.96","B","1,494.88","B","1,422.17","C","1,523.19","C","1,518.57","B","1,506.43","C","1,537.54","C","1,552.10","C","1,579.07","C","1,603.15","C","1,587.87","B","1,639.04","C","1,645.37","B","1,637.87","C","1,636.36","C","1,718.31","B","1,705.02","D","1,664.73","C","1,780.07","C","1,773.81","B","1,797.79","B","1,775.95","C","1,824.49","B","1,684.97","C","1,623.64","C","1,559.27","C","1,651.99","D","1,640.13","C","1,715.50","B","1,762.68","B","1,791.41","C","1,649.03","B","1,800.31","B","1,841.59","B","1,749.19","C","1,690.39","C","1,772.02","C","1,861.78","C","1,766.70","C","1,804.46","C","1,706.60","C","1,793.48","E"
"Administrative and support, waste management and remediation services  [56]","759.69","A","745.89","A","761.45","A","780.79","A","769.79","A","793.70","A","758.05","A","759.88","A","745.91","A","754.78","A","747.67","A","812.39","A","803.61","A","799.32","A","777.01","A","762.22","A","762.77","A","839.27","A","766.53","A","761.21","A","756.79","A","735.60","A","780.52","A","847.58","A","834.38","A","850.65","A","859.33","A","826.05","A","827.80","A","808.84","A","809.25","A","798.44","A","800.28","B","802.78","B","806.55","B","808.97","A","824.17","B","804.09","B","827.30","B","869.02","B","896.25","B","889.96","B","888.85","B","836.71","B","885.62","B","881.39","B","874.18","B","886.36","B","887.89","B","941.37","B","929.93","B","964.85","B","964.69","B","947.87","B","935.61","B","954.07","B","958.02","B","973.25","B","951.78","C","960.07","B","943.39","B","945.92","B","936.36","B","939.07","B","921.01","B","935.86","C","952.46","B","927.55","B","905.50","B","920.10","B","935.11","B","951.32","B","949.82","B","959.57","B","983.26","B","991.17","B","990.17","B","984.47","B","995.07","B","1,003.98","B","998.04","B","998.19","B","1,013.94","B","1,016.98","C","1,032.77","B","1,024.10","B","1,048.88","B","1,036.33","C","1,041.92","B","1,025.90","B","1,023.71","B","1,006.58","B","1,025.48","B","1,010.90","B","1,056.21","B","1,015.34","B","1,065.80","C","1,046.45","B","1,053.76","B","1,055.95","B","1,038.40","B","1,046.99","B","1,051.47","B","1,028.82","B","1,068.17","B","1,067.80","B","1,078.78","B","1,064.92","B"
"Educational services  [61,611]","1,049.54","A","1,011.48","A","1,017.95","A","1,060.11","A","1,066.55","A","1,150.08","A","1,111.94","A","1,149.83","A","1,105.83","A","1,059.50","A","1,028.98","A","1,044.06","A","1,057.37","A","1,058.87","A","1,043.87","A","1,019.99","A","1,062.46","A","1,131.99","A","1,107.62","A","1,159.68","A","1,082.67","A","1,115.17","A","1,090.06","A","1,062.88","A","1,071.12","A","1,076.22","A","1,044.32","A","1,047.45","A","1,093.46","A","1,119.29","A","1,109.72","A","1,160.76","A","1,149.70","E","1,133.75","E","1,104.07","E","1,117.01","E","1,080.57","E","1,070.48","E","1,092.28","E","1,136.04","E","1,183.82","E","1,208.98","E","1,254.12","E","1,236.83","E","1,259.12","E","1,181.68","E","1,192.95","E","1,199.48","E","1,217.74","E","1,201.67","E","1,215.34","E","1,179.21","E","1,220.25","E","1,252.00","E","1,250.76","E","1,313.23","E","1,272.82","E","1,171.97","E","1,138.55","E","1,147.61","E","1,195.38","E","1,184.01","E","1,187.40","E","1,181.29","E","1,175.27","E","1,142.37","E","1,165.56","E","1,213.60","E","1,159.23","E","1,137.71","E","1,140.51","E","1,151.67","E","1,145.49","E","1,174.42","E","1,167.45","E","1,201.36","E","1,229.86","E","1,246.51","E","1,247.78","E","1,323.02","E","1,262.19","E","1,182.16","E","1,182.90","E","1,196.77","E","1,208.38","E","1,194.82","E","1,194.30","E","1,199.41","E","1,212.64","E","1,286.72","E","1,336.62","E","1,398.50","E","1,378.49","E","1,314.91","E","1,345.02","E","1,333.23","E","1,294.25","E","1,304.51","E","1,308.68","E","1,310.13","E","1,350.75","E","1,375.38","E","1,444.55","E","1,479.33","E","1,424.49","E","1,369.18","E","1,343.98","E","1,331.67","E"
"Health care and social assistance  [62]","907.63","A","910.73","A","879.08","A","907.96","A","910.91","A","895.82","A","866.85","A","868.84","A","884.31","A","884.56","A","907.40","A","904.73","A","875.88","A","884.38","A","875.12","A","890.95","A","924.47","A","921.67","A","904.02","A","886.10","A","918.95","A","939.95","A","941.98","A","958.95","A","910.43","A","923.41","A","934.08","A","931.93","A","952.63","A","939.69","A","935.70","A","907.77","A","925.29","B","944.13","A","951.06","A","952.36","B","945.10","B","953.21","B","947.69","B","976.41","B","1,038.66","B","1,026.47","B","998.09","B","1,018.93","A","1,031.81","A","1,008.83","B","1,005.29","B","997.86","A","1,000.23","B","1,006.42","A","1,020.16","A","1,018.57","A","996.80","B","984.10","A","995.43","B","1,011.63","B","988.03","A","1,014.34","B","1,017.47","B","1,014.10","B","1,016.92","B","1,006.13","A","1,005.59","B","1,001.61","B","1,024.74","B","1,009.59","B","1,019.81","B","1,000.47","B","1,010.52","B","1,009.04","B","1,003.68","B","998.99","B","1,031.35","B","1,005.76","B","1,010.61","B","1,019.02","B","1,030.43","B","1,029.30","B","1,044.23","B","1,041.35","B","1,052.25","B","1,071.22","B","1,041.33","B","1,076.35","B","1,104.70","B","1,089.40","C","1,109.00","B","1,127.48","B","1,120.11","B","1,143.44","B","1,129.94","B","1,103.83","B","1,113.70","B","1,118.56","B","1,151.52","B","1,135.43","B","1,138.01","B","1,127.07","B","1,135.99","B","1,164.38","B","1,138.91","B","1,152.95","B","1,175.10","B","1,155.32","B","1,162.85","B","1,162.35","B","1,182.29","B","1,194.59","B"
"Arts, entertainment and recreation  [71]","601.53","A","618.71","A","663.76","A","601.49","A","597.80","A","581.55","A","533.67","A","553.43","A","583.98","A","581.41","A","588.57","A","642.91","A","628.27","A","654.66","A","694.18","A","591.30","A","590.39","A","625.15","A","607.87","A","597.09","A","595.00","A","595.90","A","635.98","A","634.72","A","631.30","A","622.51","A","683.20","A","592.78","A","612.24","A","599.78","A","581.18","A","610.21","A","590.98","B","608.41","B","624.04","A","618.64","B","632.05","C","585.14","A","697.94","B","763.42","B","773.94","C","786.25","B","787.08","B","753.87","C","726.80","B","727.56","B","735.80","A","764.74","B","789.33","C","874.62","B","798.15","C","800.86","A","867.82","A","755.18","B","712.39","B","702.00","A","698.15","A","695.16","A","698.25","A","728.01","B","738.38","B","737.42","A","762.21","B","746.72","B","723.62","B","679.22","E","751.74","C","739.12","B","788.39","B","759.58","B","733.16","B","712.73","B","723.82","B","717.64","B","693.65","B","683.22","B","683.51","B","720.92","D","692.63","B","712.80","B","683.31","B","722.98","B","741.10","B","761.73","B","751.00","B","760.79","A","778.86","A","752.77","A","723.49","B","728.01","A","725.48","A","809.71","B","739.16","A","745.25","A","770.51","B","790.72","B","777.65","A","770.17","B","789.49","B","739.32","B","747.23","B","721.74","B","749.03","B","729.83","B","659.42","B","742.37","C","734.34","C","773.41","C"
"Accommodation and food services  [72]","356.82","A","341.29","A","356.74","A","356.71","A","365.15","A","385.94","A","369.91","A","369.59","A","382.38","A","376.74","A","376.53","A","393.48","A","389.82","A","388.99","A","401.66","A","392.21","A","407.69","A","419.26","A","413.69","A","407.31","A","404.65","A","404.94","A","412.93","A","419.18","A","395.37","A","394.83","A","398.96","A","401.68","A","418.49","A","418.19","A","419.69","A","429.25","A","430.62","B","432.69","B","433.18","B","437.29","A","437.00","B","427.27","B","423.52","C","447.91","C","487.56","C","458.14","B","458.33","B","417.37","B","425.73","B","428.64","B","425.58","B","455.51","B","440.91","B","443.25","B","441.11","B","445.29","B","440.55","B","427.99","B","448.97","B","453.78","C","445.47","B","456.74","B","445.29","B","443.85","B","455.24","B","428.02","B","430.90","B","447.16","B","443.60","C","460.24","C","456.82","C","467.03","C","456.22","B","461.83","B","465.78","B","460.26","B","465.07","B","465.80","B","471.65","B","465.60","B","473.92","B","490.68","B","488.86","B","493.16","B","480.09","B","478.13","B","482.14","B","489.03","B","488.53","B","486.28","B","483.08","B","486.95","B","479.62","B","475.19","B","493.46","B","498.05","B","506.68","C","498.62","C","497.64","C","500.20","B","500.25","B","502.05","C","498.08","C","508.71","B","506.89","C","492.06","B","506.97","B","520.07","B","503.54","B","503.94","B","510.28","B","521.44","B"
"Other services (except public administration)  [81]","829.62","A","793.89","A","803.81","A","814.91","A","809.77","A","815.98","A","820.83","A","807.44","A","810.13","A","814.27","A","821.81","A","880.57","A","841.83","A","843.21","A","841.36","A","853.64","A","860.22","A","859.45","A","819.19","A","834.43","A","811.77","A","830.85","A","856.99","A","911.31","A","878.58","A","853.99","A","861.51","A","864.07","A","886.20","A","882.63","A","871.60","A","874.69","A","868.60","C","872.06","B","868.65","B","894.68","B","879.60","A","870.88","B","882.23","B","987.41","B","1,043.11","B","991.78","A","933.14","B","931.35","B","954.54","B","959.47","B","956.49","B","977.69","B","1,004.31","A","1,023.81","A","988.77","B","975.17","B","1,040.53","B","1,061.09","A","992.34","A","1,006.80","B","1,000.93","B","994.80","B","982.41","B","1,012.46","B","996.88","B","1,015.32","A","1,005.31","B","1,021.56","B","1,002.45","B","1,039.21","C","980.85","C","1,014.29","B","996.61","B","1,005.87","B","1,032.03","B","1,139.30","B","1,045.44","B","1,060.54","B","1,064.37","C","1,071.42","B","1,103.95","C","1,124.65","B","1,080.65","B","1,065.11","B","1,074.18","B","1,086.23","B","1,090.72","B","1,124.97","B","1,073.26","B","1,105.58","B","1,089.10","B","1,114.32","B","1,119.31","B","1,099.96","B","1,104.88","B","1,110.54","B","1,097.20","C","1,100.11","B","1,085.44","B","1,132.25","B","1,110.93","C","1,106.78","B","1,125.91","B","1,131.33","C","1,155.43","B","1,155.45","C","1,163.67","B","1,149.04","C","1,137.31","B","1,112.64","B","1,118.23","C","1,172.99","C"
"Public administration  [91]","1,270.36","A","1,289.95","A","1,267.36","A","1,274.93","A","1,282.67","A","1,282.80","A","1,263.56","A","1,286.66","A","1,313.38","A","1,327.80","A","1,368.29","A","1,328.49","A","1,348.02","A","1,330.80","A","1,332.20","A","1,341.27","A","1,342.08","A","1,311.28","A","1,310.76","A","1,322.02","A","1,351.06","A","1,353.12","A","1,342.66","A","1,351.40","A","1,368.15","A","1,359.32","A","1,354.45","A","1,361.83","A","1,356.44","A","1,356.37","A","1,348.09","A","1,348.60","A","1,351.27","A","1,390.79","A","1,414.16","A","1,398.20","A","1,418.98","A","1,409.99","B","1,420.27","A","1,443.79","A","1,490.78","A","1,487.36","A","1,495.98","B","1,518.25","A","1,496.22","A","1,496.69","A","1,514.53","A","1,503.37","A","1,543.27","B","1,560.33","A","1,514.10","A","1,560.25","A","1,487.86","A","1,472.34","A","1,481.26","B","1,492.12","B","1,518.43","B","1,536.80","A","1,526.28","A","1,507.00","A","1,540.23","A","1,528.72","A","1,586.44","A","1,537.26","A","1,531.64","A","1,508.23","B","1,521.57","B","1,521.90","B","1,572.40","A","1,558.89","A","1,556.71","A","1,537.98","A","1,575.49","A","1,568.06","A","1,565.93","A","1,598.70","B","1,543.30","B","1,521.26","B","1,554.97","B","1,592.82","A","1,556.81","B","1,592.67","A","1,613.65","A","1,588.75","A","1,600.17","B","1,602.96","B","1,609.89","A","1,646.73","B","1,635.83","B","1,660.16","B","1,652.59","B","1,663.67","B","1,681.31","B","1,685.10","B","1,703.25","B","1,702.81","A","1,725.19","B","1,745.04","B","1,710.71","B","1,712.14","B","1,723.66","B","1,706.13","B","1,720.78","A","1,731.29","B","1,765.88","A","1,737.76","A","1,766.20","B","1,749.98","A"

Symbol legend:
E, use with caution
F, too unreliable to be published
A, data quality: excellent
B, data quality: very good
C, data quality: good
D, data quality: acceptable


"Table Corrections:"
Date,Note
"2023-04-04","On April 4, 2023, a correction was made to new NAICS 2022 series at the 3 and 4 digit levels for earnings.  The data was to be published with decimal places and not in whole numbers."



Footnotes:
1,"The quality indicators take into account various factors that affect the quality of the data, notably the CV, the non-response errors and the imputation errors. Quality indicators indicate the following: A - Excellent; B - Very good; C - Good; D - Acceptable; E - Use with caution; F - Too unreliable to publish or sample size is too small to produce reliable estimates."
2,"The introduction of administrative data in 2001 and the associated change in methodology resulted in level shifts for some series. This affects the comparability of pre- and post-2001 estimates."
3,"Estimates for the latest reference month are preliminary."
4,"Earnings data are based on gross payroll before source deductions."
5,"Industry estimates in this table are based on the 2022 North American Industry Classification System (NAICS) Version 1.0."
6,""All employees" is the sum of employees paid by the hour, salaried employees and other employees."
7,"Industrial aggregate covers all industrial sectors except those primarily involved in agriculture, fishing and trapping, private household services, religious organisations and the military personnel of the defence services."
8,"Unclassified businesses (00) are businesses for which the industrial classification (North American Industry Classification System [NAICS] 2022 Version 1.0) has yet to be determined."
9,"Goods producing industries (11-33N) includes the following sectors: forestry, logging and support (11N), mining, quarrying, and oil and gas extraction (21), utilities (22), construction (23) and manufacturing (31-33)."
10,"Forestry, logging and support (11N) includes the following industries: forestry and logging (113) and support activities for forestry (1153)."
11,"Service producing industries (41-91N) includes the following industries: trade (41-45N), transportation and warehousing (48-49), information and cultural industries (51), finance and insurance (52), real estate and rental and leasing (53), professional, scientific and technical services (54), management of companies and enterprises (55), administrative and support, waste management and remediation services (56), educational services (61), health care and social assistance (62), arts, entertainment and recreation (71), accommodation and food services (72), other services (except public administration) (81) and public administration (91)."
12,"Trade (41-45N) industry includes the following sectors: wholesale trade (41) and retail trade (44-45)."



"How to cite: Statistics Canada. Table 14-10-0203-01  Average weekly earnings by industry, monthly, unadjusted for seasonality"
https://www150.statcan.gc.ca/t1/tbl1/en/tv.action?pid=1410020301