"Employment by industry, monthly, seasonally adjusted and unadjusted, and trend-cycle, last 5 months (x 1,000) 1 2 3 4"
"Frequency: Monthly"
"Table: 14-10-0355-01 (formerly CANSIM 282-0088)"
"Release date: 2026-02-06"
"Geography: Canada, Province or territory"
""
""

"Geography 5","Ontario",,,,,,,,,,,,,,,,,,,,,,,,,,,,,,,,,,,,,,,,,,,,,,,,,,,,,,,,,,,,,,,,,,,,,,,,,,,,,,,,,,,,,,,,,,,,,,,,,,,,,,,,,,,,,,,,,,,,,,,,,,,,,,,,,,,,,,,,,,,,,,,,,,,,,,,,,,,,,,,,,,,,,,,,,,,,,,,,,,,,,,,,,,,,,,,,,,,,,,,,,,,,,,,,,,,,,,,
"Statistics","Estimate",,,,,,,,,,,,,,,,,,,,,,,,,,,,,,,,,,,,,,,,,,,,,,,,,,,,,,,,,,,,,,,,,,,,,,,,,,,,,,,,,,,,,,,,,,,,,,,,,,,,,,,,,,,,,,,,,,,,,,,,,,,,,,,,,,,,,,,,,,,,,,,,,,,,,,,,,,,,,,,,,,,,,,,,,,,,,,,,,,,,,,,,,,,,,,,,,,,,,,,,,,,,,,,,,,,,,,,
"Data type","Unadjusted",,,,,,,,,,,,,,,,,,,,,,,,,,,,,,,,,,,,,,,,,,,,,,,,,,,,,,,,,,,,,,,,,,,,,,,,,,,,,,,,,,,,,,,,,,,,,,,,,,,,,,,,,,,,,,,,,,,,,,,,,,,,,,,,,,,,,,,,,,,,,,,,,,,,,,,,,,,,,,,,,,,,,,,,,,,,,,,,,,,,,,,,,,,,,,,,,,,,,,,,,,,,,,,,,,,,,,,
"North American Industry Classification System (NAICS) 6","January 2017","Symbol","February 2017","Symbol","March 2017","Symbol","April 2017","Symbol","May 2017","Symbol","June 2017","Symbol","July 2017","Symbol","August 2017","Symbol","September 2017","Symbol","October 2017","Symbol","November 2017","Symbol","December 2017","Symbol","January 2018","Symbol","February 2018","Symbol","March 2018","Symbol","April 2018","Symbol","May 2018","Symbol","June 2018","Symbol","July 2018","Symbol","August 2018","Symbol","September 2018","Symbol","October 2018","Symbol","November 2018","Symbol","December 2018","Symbol","January 2019","Symbol","February 2019","Symbol","March 2019","Symbol","April 2019","Symbol","May 2019","Symbol","June 2019","Symbol","July 2019","Symbol","August 2019","Symbol","September 2019","Symbol","October 2019","Symbol","November 2019","Symbol","December 2019","Symbol","January 2020","Symbol","February 2020","Symbol","March 2020","Symbol","April 2020","Symbol","May 2020","Symbol","June 2020","Symbol","July 2020","Symbol","August 2020","Symbol","September 2020","Symbol","October 2020","Symbol","November 2020","Symbol","December 2020","Symbol","January 2021","Symbol","February 2021","Symbol","March 2021","Symbol","April 2021","Symbol","May 2021","Symbol","June 2021","Symbol","July 2021","Symbol","August 2021","Symbol","September 2021","Symbol","October 2021","Symbol","November 2021","Symbol","December 2021","Symbol","January 2022","Symbol","February 2022","Symbol","March 2022","Symbol","April 2022","Symbol","May 2022","Symbol","June 2022","Symbol","July 2022","Symbol","August 2022","Symbol","September 2022","Symbol","October 2022","Symbol","November 2022","Symbol","December 2022","Symbol","January 2023","Symbol","February 2023","Symbol","March 2023","Symbol","April 2023","Symbol","May 2023","Symbol","June 2023","Symbol","July 2023","Symbol","August 2023","Symbol","September 2023","Symbol","October 2023","Symbol","November 2023","Symbol","December 2023","Symbol","January 2024","Symbol","February 2024","Symbol","March 2024","Symbol","April 2024","Symbol","May 2024","Symbol","June 2024","Symbol","July 2024","Symbol","August 2024","Symbol","September 2024","Symbol","October 2024","Symbol","November 2024","Symbol","December 2024","Symbol","January 2025","Symbol","February 2025","Symbol","March 2025","Symbol","April 2025","Symbol","May 2025","Symbol","June 2025","Symbol","July 2025","Symbol","August 2025","Symbol","September 2025","Symbol","October 2025","Symbol","November 2025","Symbol","December 2025","Symbol"
,"Persons in thousands",,,,,,,,,,,,,,,,,,,,,,,,,,,,,,,,,,,,,,,,,,,,,,,,,,,,,,,,,,,,,,,,,,,,,,,,,,,,,,,,,,,,,,,,,,,,,,,,,,,,,,,,,,,,,,,,,,,,,,,,,,,,,,,,,,,,,,,,,,,,,,,,,,,,,,,,,,,,,,,,,,,,,,,,,,,,,,,,,,,,,,,,,,,,,,,,,,,,,,,,,,,,,,,,,,,,,,,
"Total employed, all industries 7","6,923.7","","6,942.1","","6,933.7","","6,979.9","","7,157.3","","7,201.4","","7,201.5","","7,219.9","","7,135.7","","7,184.0","","7,227.9","","7,203.2","","7,064.0","","7,080.8","","7,095.6","","7,144.9","","7,276.7","","7,352.5","","7,387.0","","7,311.2","","7,251.6","","7,293.2","","7,314.1","","7,313.5","","7,212.6","","7,266.5","","7,239.4","","7,321.3","","7,476.5","","7,512.7","","7,464.3","","7,527.6","","7,476.0","","7,469.5","","7,493.1","","7,494.8","","7,406.3","","7,416.0","","6,954.0","","6,311.1","","6,387.6","","6,848.0","","6,957.3","","7,109.3","","7,229.8","","7,293.2","","7,326.1","","7,282.7","","7,012.7","","7,158.5","","7,289.8","","7,191.2","","7,261.0","","7,435.2","","7,481.7","","7,507.1","","7,532.2","","7,601.9","","7,680.3","","7,706.2","","7,448.5","","7,665.5","","7,672.0","","7,745.0","","7,878.0","","7,893.2","","7,845.1","","7,818.9","","7,717.4","","7,799.9","","7,834.1","","7,851.6","","7,801.6","","7,863.8","","7,880.2","","7,953.7","","8,064.5","","8,157.3","","8,099.1","","8,090.5","","8,015.8","","8,044.1","","8,078.6","","8,024.4","","7,956.2","","7,993.7","","8,015.9","","8,090.3","","8,234.5","","8,281.8","","8,243.0","","8,210.4","","8,198.1","","8,184.4","","8,172.7","","8,172.7","","8,138.7","","8,185.2","","8,142.5","","8,168.0","","8,283.6","","8,358.4","","8,283.3","","8,233.3","","8,186.3","","8,252.0","","8,255.5","","8,236.7",""
"Goods-producing sector 8","1,400.2","","1,395.3","","1,400.4","","1,422.3","","1,471.1","","1,488.2","","1,497.8","","1,510.7","","1,480.6","","1,497.1","","1,501.6","","1,496.4","","1,438.5","","1,436.4","","1,451.0","","1,444.9","","1,487.4","","1,525.6","","1,526.5","","1,527.9","","1,498.3","","1,490.8","","1,482.1","","1,478.2","","1,416.7","","1,420.3","","1,416.2","","1,439.8","","1,491.6","","1,510.4","","1,519.2","","1,541.4","","1,520.2","","1,491.2","","1,485.0","","1,464.1","","1,432.6","","1,450.7","","1,398.3","","1,213.6","","1,284.1","","1,424.4","","1,447.3","","1,466.7","","1,488.8","","1,481.0","","1,498.8","","1,495.2","","1,433.9","","1,442.7","","1,445.2","","1,455.6","","1,471.6","","1,504.6","","1,517.8","","1,522.5","","1,477.3","","1,496.7","","1,507.3","","1,495.9","","1,459.3","","1,484.5","","1,505.5","","1,540.0","","1,564.9","","1,594.9","","1,620.9","","1,617.4","","1,572.3","","1,581.0","","1,589.7","","1,576.2","","1,544.0","","1,558.6","","1,561.2","","1,589.9","","1,656.2","","1,673.2","","1,695.4","","1,685.3","","1,631.4","","1,619.9","","1,629.1","","1,583.7","","1,542.8","","1,553.7","","1,575.4","","1,576.6","","1,600.3","","1,624.1","","1,626.5","","1,631.8","","1,583.4","","1,581.8","","1,555.7","","1,550.2","","1,544.8","","1,560.8","","1,561.2","","1,547.8","","1,567.6","","1,609.1","","1,610.8","","1,612.8","","1,578.4","","1,580.6","","1,580.2","","1,552.3",""
"Agriculture 9","68.3","","68.1","","68.5","","70.1","","71.0","","72.2","","69.3","","72.9","","66.0","","67.2","","64.6","","61.7","","58.5","","61.5","","64.2","","69.9","","77.8","","77.3","","74.8","","77.6","","76.6","","74.3","","73.4","","77.1","","75.6","","72.7","","70.1","","69.2","","77.9","","77.1","","78.9","","79.0","","74.6","","72.8","","75.8","","70.6","","69.2","","68.4","","61.8","","65.2","","67.5","","69.8","","69.9","","70.5","","71.5","","68.2","","67.4","","68.7","","60.1","","59.7","","62.6","","69.3","","74.5","","73.5","","72.4","","73.2","","60.5","","67.4","","65.8","","61.0","","60.8","","62.3","","63.9","","67.9","","75.8","","77.8","","78.7","","79.9","","70.8","","74.3","","76.2","","79.0","","73.5","","70.2","","74.2","","72.6","","75.4","","77.1","","88.5","","85.2","","80.3","","81.7","","77.7","","71.6","","68.5","","67.1","","66.0","","64.6","","72.8","","76.3","","78.6","","78.4","","72.5","","75.5","","70.2","","70.2","","70.5","","66.8","","63.6","","63.1","","61.0","","63.7","","64.6","","63.3","","64.2","","66.8","","69.0","","67.0",""
"Forestry, fishing, mining, quarrying, oil and gas 10 11","31.0","","32.4","","29.9","","31.1","","33.8","","35.6","","34.9","","35.3","","32.7","","30.0","","31.8","","31.2","","28.1","","29.4","","31.6","","32.4","","33.4","","35.9","","35.3","","36.6","","33.7","","31.0","","31.0","","32.8","","34.2","","33.8","","32.3","","31.0","","33.4","","34.3","","36.2","","38.3","","36.7","","36.1","","34.2","","36.7","","33.8","","36.0","","31.4","","30.2","","34.0","","35.4","","37.4","","35.3","","35.6","","36.1","","36.1","","34.6","","32.2","","32.3","","32.3","","32.3","","34.1","","36.0","","37.1","","37.0","","36.9","","39.0","","36.4","","39.2","","36.7","","37.5","","40.5","","38.3","","38.9","","39.4","","38.1","","38.9","","39.7","","41.2","","39.7","","41.8","","42.0","","40.7","","42.3","","43.5","","47.2","","47.8","","43.0","","44.6","","42.9","","39.4","","42.3","","42.4","","39.8","","39.8","","40.5","","40.0","","41.6","","44.7","","45.1","","45.8","","44.0","","45.6","","47.8","","44.4","","43.0","","42.9","","44.0","","43.5","","46.1","","44.4","","44.9","","44.3","","46.2","","44.9","","47.0","","43.6",""
"Utilities","52.1","","52.0","","48.2","","47.9","","48.9","","50.9","","50.9","","49.0","","46.6","","44.0","","44.0","","44.2","","46.3","","48.8","","48.2","","49.7","","53.1","","54.0","","55.1","","56.5","","57.0","","56.6","","55.2","","53.1","","53.2","","50.8","","50.9","","51.6","","53.1","","54.6","","54.4","","53.4","","47.1","","46.7","","49.8","","49.3","","52.4","","51.4","","47.1","","48.7","","47.2","","50.5","","50.0","","48.7","","52.5","","50.0","","48.6","","48.5","","48.5","","51.8","","50.7","","50.6","","49.1","","50.3","","59.6","","56.0","","54.6","","59.0","","53.7","","57.4","","59.3","","58.0","","57.8","","61.0","","61.9","","64.2","","61.1","","64.8","","61.9","","63.7","","62.6","","59.4","","59.5","","63.8","","62.6","","62.0","","68.7","","66.4","","68.0","","69.6","","65.0","","63.0","","62.5","","62.9","","59.2","","62.2","","55.8","","53.5","","57.1","","58.2","","63.7","","63.2","","62.3","","59.8","","57.6","","61.6","","62.8","","59.7","","64.5","","66.2","","69.5","","70.4","","67.0","","68.0","","64.7","","69.3","","68.4","","65.5",""
"Construction","475.3","","468.4","","475.5","","489.3","","512.9","","517.0","","530.4","","537.8","","530.4","","552.7","","546.5","","538.2","","495.0","","494.8","","500.4","","493.8","","519.3","","541.4","","554.3","","555.3","","554.2","","540.0","","542.8","","522.7","","473.8","","494.7","","495.8","","506.3","","533.6","","540.9","","562.1","","575.1","","582.4","","579.5","","568.8","","554.6","","530.5","","535.4","","523.5","","448.7","","482.3","","549.0","","554.2","","560.3","","552.7","","548.1","","553.7","","546.6","","510.1","","506.9","","508.3","","529.0","","542.5","","559.6","","561.7","","566.8","","564.2","","555.8","","567.7","","545.8","","539.2","","552.4","","559.0","","582.8","","592.4","","605.7","","618.6","","614.1","","604.5","","595.0","","598.7","","598.3","","567.2","","574.3","","581.3","","603.5","","623.7","","630.4","","631.1","","634.1","","615.4","","610.0","","611.2","","583.1","","557.1","","560.8","","581.0","","576.0","","587.5","","585.8","","589.4","","594.2","","583.6","","585.7","","577.8","","567.3","","553.2","","560.6","","557.3","","570.6","","575.7","","607.5","","603.5","","605.4","","582.6","","577.8","","576.6","","559.6",""
"Manufacturing","773.5","","774.4","","778.4","","783.9","","804.6","","812.4","","812.3","","815.7","","804.8","","803.3","","814.7","","821.0","","810.6","","801.8","","806.6","","799.1","","803.8","","817.1","","806.9","","801.9","","776.9","","788.8","","779.7","","792.6","","779.8","","768.3","","767.1","","781.7","","793.6","","803.5","","787.6","","795.7","","779.2","","756.3","","756.4","","752.8","","746.6","","759.5","","734.6","","620.7","","653.1","","719.7","","735.8","","751.8","","776.6","","778.6","","792.8","","796.9","","783.1","","792.0","","791.4","","774.3","","771.5","","785.2","","787.0","","789.5","","761.0","","775.5","","783.7","","792.5","","763.2","","774.4","","784.2","","789.9","","795.9","","807.8","","824.5","","819.7","","795.4","","806.9","","812.5","","797.8","","801.7","","809.7","","800.8","","808.3","","841.3","","851.6","","864.9","","851.7","","827.6","","825.8","","835.4","","823.7","","818.1","","823.7","","832.1","","842.7","","841.2","","859.1","","849.6","","850.1","","821.1","","815.1","","802.4","","806.7","","815.3","","830.8","","831.9","","804.5","","815.4","","823.0","","830.7","","831.8","","820.6","","821.8","","819.1","","816.7",""
"Services-producing sector 12","5,523.5","","5,546.8","","5,533.3","","5,557.6","","5,686.2","","5,713.3","","5,703.6","","5,709.2","","5,655.1","","5,686.8","","5,726.4","","5,706.8","","5,625.5","","5,644.4","","5,644.5","","5,700.0","","5,789.2","","5,826.9","","5,860.5","","5,783.3","","5,753.3","","5,802.4","","5,832.1","","5,835.3","","5,795.9","","5,846.1","","5,823.2","","5,881.6","","5,984.9","","6,002.3","","5,945.1","","5,986.2","","5,955.9","","5,978.3","","6,008.0","","6,030.7","","5,973.7","","5,965.4","","5,555.7","","5,097.5","","5,103.5","","5,423.6","","5,510.0","","5,642.6","","5,741.0","","5,812.1","","5,827.3","","5,787.5","","5,578.7","","5,715.8","","5,844.6","","5,735.6","","5,789.4","","5,930.6","","5,963.9","","5,984.6","","6,054.9","","6,105.2","","6,173.0","","6,210.2","","5,989.2","","6,181.0","","6,166.5","","6,205.0","","6,313.1","","6,298.3","","6,224.2","","6,201.5","","6,145.1","","6,218.9","","6,244.4","","6,275.3","","6,257.7","","6,305.2","","6,319.1","","6,363.8","","6,408.3","","6,484.1","","6,403.7","","6,405.2","","6,384.5","","6,424.2","","6,449.5","","6,440.7","","6,413.4","","6,439.9","","6,440.5","","6,513.6","","6,634.2","","6,657.7","","6,616.5","","6,578.6","","6,614.7","","6,602.6","","6,617.0","","6,622.5","","6,593.9","","6,624.4","","6,581.3","","6,620.2","","6,715.9","","6,749.4","","6,672.5","","6,620.5","","6,607.9","","6,671.4","","6,675.3","","6,684.3",""
"Wholesale and retail trade","1,043.8","","1,060.4","","1,057.3","","1,065.6","","1,115.4","","1,129.8","","1,123.0","","1,127.3","","1,112.2","","1,108.5","","1,142.5","","1,151.9","","1,099.3","","1,093.4","","1,099.7","","1,093.2","","1,084.3","","1,088.0","","1,114.0","","1,099.0","","1,084.3","","1,104.1","","1,112.2","","1,113.7","","1,104.2","","1,105.5","","1,122.9","","1,120.6","","1,123.2","","1,109.2","","1,115.6","","1,132.6","","1,115.0","","1,107.8","","1,123.5","","1,143.9","","1,122.9","","1,129.5","","1,051.1","","893.1","","908.9","","1,023.8","","1,071.3","","1,079.4","","1,062.4","","1,096.7","","1,117.4","","1,129.7","","1,011.3","","1,045.0","","1,105.8","","1,070.7","","1,040.7","","1,097.6","","1,133.3","","1,118.6","","1,106.1","","1,149.2","","1,176.6","","1,202.4","","1,147.6","","1,157.3","","1,163.0","","1,162.8","","1,184.5","","1,178.7","","1,163.3","","1,157.3","","1,124.0","","1,122.4","","1,130.0","","1,131.8","","1,118.3","","1,137.4","","1,135.8","","1,150.4","","1,143.5","","1,157.1","","1,151.0","","1,170.9","","1,129.8","","1,121.1","","1,125.0","","1,129.5","","1,123.1","","1,114.6","","1,114.9","","1,136.8","","1,156.6","","1,138.2","","1,121.8","","1,120.7","","1,105.3","","1,111.6","","1,134.0","","1,129.9","","1,106.8","","1,136.8","","1,138.0","","1,134.6","","1,181.6","","1,190.8","","1,161.4","","1,178.3","","1,135.9","","1,153.7","","1,143.5","","1,148.7",""
"Transportation and warehousing","334.2","","326.3","","328.9","","330.1","","343.1","","332.5","","338.5","","341.0","","348.4","","350.5","","337.0","","342.2","","341.3","","356.1","","349.8","","362.8","","372.4","","376.8","","365.3","","374.8","","379.6","","385.9","","391.0","","393.1","","391.2","","386.1","","386.7","","390.9","","403.1","","404.7","","383.7","","386.2","","398.2","","396.1","","397.1","","401.5","","391.4","","392.3","","382.3","","335.4","","329.9","","340.7","","340.7","","332.4","","340.8","","324.2","","343.0","","340.7","","340.3","","355.2","","353.8","","354.9","","365.7","","364.9","","356.6","","360.9","","378.7","","376.2","","385.4","","387.4","","384.0","","395.1","","374.3","","376.7","","381.9","","379.1","","379.5","","375.5","","376.9","","377.2","","380.5","","387.0","","378.2","","371.7","","382.7","","403.6","","394.7","","407.6","","398.8","","393.8","","414.0","","420.9","","429.9","","425.1","","412.0","","422.1","","427.9","","441.0","","422.0","","417.3","","418.8","","419.0","","435.9","","417.9","","411.5","","414.3","","411.1","","401.7","","397.4","","404.7","","398.3","","403.3","","415.4","","412.4","","428.4","","440.9","","450.5","","450.1",""
"Finance, insurance, real estate, rental and leasing","551.6","","555.1","","559.9","","559.0","","545.1","","547.6","","551.0","","554.8","","549.6","","546.4","","551.5","","559.0","","559.9","","554.6","","549.4","","559.9","","569.8","","581.6","","578.3","","577.3","","572.8","","578.0","","575.7","","579.0","","580.5","","592.4","","592.2","","599.9","","599.0","","589.3","","587.6","","611.2","","602.8","","619.0","","620.5","","605.8","","602.1","","597.6","","583.9","","594.6","","589.2","","584.8","","591.8","","581.3","","589.0","","606.5","","627.9","","639.4","","638.5","","629.7","","623.9","","643.9","","632.4","","619.5","","627.5","","619.9","","621.1","","628.7","","622.6","","644.4","","654.1","","657.0","","656.6","","657.6","","660.5","","667.0","","677.8","","683.5","","666.3","","679.0","","692.2","","695.8","","683.7","","686.7","","694.5","","694.4","","684.7","","690.3","","680.5","","687.0","","663.1","","662.9","","659.0","","667.3","","689.6","","688.1","","688.2","","685.6","","705.5","","713.5","","712.2","","722.4","","719.0","","707.4","","699.6","","709.2","","701.4","","717.5","","703.2","","726.9","","738.4","","727.9","","723.5","","726.8","","722.4","","711.0","","708.3","","708.0",""
"Professional, scientific and technical services","589.6","","591.6","","601.6","","611.2","","630.1","","635.1","","635.5","","628.7","","628.3","","633.8","","631.6","","633.1","","620.1","","617.7","","626.0","","639.2","","661.9","","659.2","","665.5","","636.7","","625.4","","630.5","","641.0","","639.4","","639.8","","655.8","","648.3","","654.1","","683.4","","692.3","","695.7","","702.4","","688.7","","685.2","","679.7","","687.2","","692.7","","685.9","","690.2","","661.6","","666.4","","665.4","","680.5","","694.5","","697.1","","725.6","","718.1","","727.4","","740.1","","736.7","","735.0","","735.8","","756.3","","771.0","","766.3","","766.8","","763.6","","761.4","","774.9","","775.9","","776.5","","793.7","","803.5","","807.0","","818.1","","812.0","","805.9","","809.5","","786.6","","802.3","","801.3","","819.4","","819.5","","827.0","","817.2","","814.4","","820.4","","829.0","","819.5","","848.3","","847.6","","849.5","","863.9","","886.5","","883.6","","887.9","","876.6","","890.1","","900.6","","915.0","","920.2","","906.2","","902.5","","903.4","","906.6","","906.9","","919.2","","894.8","","893.2","","916.1","","912.2","","926.3","","919.0","","907.0","","903.8","","913.7","","912.4","","915.4",""
"Business, building and other support services 13","283.2","","289.6","","301.8","","304.9","","320.5","","315.3","","322.7","","331.2","","307.0","","300.5","","294.7","","293.0","","288.6","","294.5","","309.2","","312.6","","328.2","","325.8","","334.9","","335.8","","320.6","","323.0","","327.9","","318.7","","303.4","","307.4","","291.0","","292.6","","311.2","","319.5","","327.3","","311.0","","306.9","","314.7","","314.1","","313.5","","298.5","","299.0","","295.7","","272.9","","269.4","","287.5","","295.6","","296.0","","282.4","","276.4","","278.8","","254.9","","250.6","","254.9","","254.0","","262.4","","283.6","","286.4","","306.2","","302.0","","295.3","","287.9","","291.4","","283.4","","266.8","","279.4","","271.7","","266.5","","278.1","","294.1","","300.3","","297.3","","290.5","","283.3","","279.7","","282.9","","271.4","","266.8","","277.8","","280.3","","281.6","","294.7","","299.8","","288.7","","283.8","","271.1","","286.6","","270.2","","270.4","","257.0","","268.6","","273.4","","293.2","","297.6","","307.3","","302.7","","300.9","","318.0","","303.0","","296.8","","282.7","","282.7","","277.4","","267.0","","290.9","","290.1","","271.8","","272.8","","284.7","","277.0","","279.8","","265.0",""
"Educational services","519.1","","518.6","","498.0","","513.6","","508.4","","502.2","","408.9","","408.2","","491.4","","503.6","","518.0","","522.7","","513.3","","520.6","","503.8","","516.6","","520.7","","512.7","","447.8","","446.6","","532.7","","547.5","","555.3","","566.4","","560.8","","561.9","","543.8","","552.6","","532.3","","543.1","","439.7","","440.6","","535.0","","547.9","","561.0","","565.3","","552.5","","559.2","","507.3","","500.3","","476.2","","488.6","","412.6","","436.1","","545.1","","567.8","","552.6","","565.0","","548.0","","582.2","","592.4","","539.9","","539.7","","540.7","","460.3","","466.0","","578.6","","583.6","","590.2","","603.6","","580.9","","595.5","","582.9","","594.9","","601.0","","592.9","","468.3","","455.5","","571.6","","600.6","","607.2","","599.6","","590.4","","603.4","","587.2","","599.0","","594.9","","586.5","","482.7","","466.3","","588.3","","618.6","","621.4","","623.0","","628.6","","627.0","","618.6","","622.3","","607.0","","614.1","","497.8","","494.8","","621.6","","630.9","","650.7","","656.5","","644.1","","642.5","","625.1","","635.8","","617.5","","605.4","","516.1","","486.2","","601.4","","615.7","","613.1","","613.9",""
"Health care and social assistance","838.6","","840.8","","840.0","","834.2","","850.7","","863.6","","873.1","","868.8","","851.5","","857.5","","852.2","","837.6","","834.5","","841.2","","832.2","","830.6","","833.4","","849.8","","871.0","","863.4","","853.1","","860.1","","860.9","","871.5","","876.9","","883.7","","871.4","","868.1","","883.3","","890.1","","906.4","","907.2","","900.8","","898.7","","897.7","","902.5","","906.2","","906.4","","839.1","","784.6","","783.8","","842.1","","855.3","","879.9","","888.4","","863.3","","876.8","","867.1","","872.3","","875.1","","896.0","","877.7","","888.3","","918.6","","911.1","","911.7","","909.2","","908.4","","921.8","","920.2","","924.5","","944.2","","941.0","","932.9","","932.8","","928.2","","932.7","","938.8","","930.3","","940.7","","947.2","","937.3","","964.4","","973.5","","979.7","","971.5","","966.6","","982.2","","994.0","","988.3","","991.6","","1,002.4","","985.2","","973.9","","973.3","","977.8","","999.9","","996.5","","1,018.1","","1,022.1","","1,023.8","","1,029.9","","1,017.1","","1,015.7","","1,013.7","","997.4","","1,017.5","","1,022.8","","1,024.6","","1,009.4","","1,015.3","","1,027.9","","1,030.5","","1,025.8","","1,017.8","","1,009.4","","1,028.0","","1,032.0",""
"Information, culture and recreation","293.1","","289.8","","280.3","","275.5","","292.9","","300.2","","352.7","","351.2","","307.8","","317.6","","308.0","","295.2","","296.2","","288.3","","287.3","","288.4","","306.7","","319.7","","343.9","","330.1","","300.9","","296.6","","281.5","","274.7","","268.9","","279.6","","277.1","","306.1","","315.7","","324.3","","350.3","","349.6","","300.3","","298.2","","294.5","","293.9","","296.4","","291.4","","249.3","","222.7","","228.1","","273.5","","292.8","","313.2","","282.8","","285.3","","276.1","","266.7","","240.8","","264.1","","281.3","","273.0","","275.0","","295.5","","327.4","","342.4","","316.5","","323.1","","328.3","","308.8","","263.4","","309.4","","309.1","","323.2","","350.8","","341.4","","363.2","","344.5","","312.3","","303.5","","293.3","","297.2","","307.9","","302.4","","302.7","","318.7","","350.1","","353.0","","373.3","","370.3","","306.5","","320.0","","310.4","","296.3","","300.2","","300.2","","304.2","","299.0","","331.4","","332.7","","368.5","","367.9","","330.0","","320.6","","325.7","","332.2","","351.3","","345.1","","319.7","","325.9","","354.5","","368.2","","383.4","","380.6","","333.4","","352.5","","357.9","","361.6",""
"Accommodation and food services","444.1","","440.9","","443.8","","435.2","","443.4","","448.4","","458.0","","459.3","","426.3","","435.1","","448.3","","439.1","","446.3","","446.5","","460.9","","469.9","","485.0","","488.9","","491.3","","487.4","","454.2","","447.6","","459.9","","449.2","","443.0","","440.2","","441.5","","456.5","","476.4","","471.9","","473.9","","474.9","","452.6","","449.7","","456.8","","454.3","","445.2","","434.1","","320.5","","234.7","","243.5","","284.2","","318.5","","354.9","","391.0","","397.1","","376.9","","350.9","","300.4","","332.2","","345.4","","319.2","","339.4","","350.7","","378.6","","419.7","","402.6","","408.4","","402.6","","405.4","","316.9","","383.0","","386.0","","393.8","","411.0","","411.8","","420.9","","416.3","","388.9","","400.7","","403.9","","415.9","","410.8","","414.5","","416.6","","411.0","","442.9","","440.3","","459.7","","442.6","","418.7","","412.3","","421.2","","415.6","","390.5","","407.7","","393.9","","410.5","","432.3","","438.4","","453.0","","442.3","","417.5","","420.7","","419.2","","420.5","","415.6","","428.3","","431.0","","432.1","","442.4","","449.5","","470.4","","459.8","","433.3","","449.7","","432.3","","425.8",""
"Other services (except public administration)","269.6","","277.9","","272.7","","275.0","","279.3","","276.5","","278.5","","275.9","","278.1","","279.2","","289.7","","286.9","","281.9","","291.2","","283.0","","281.3","","280.6","","282.6","","297.5","","290.6","","283.6","","279.7","","280.2","","290.5","","287.4","","285.3","","297.1","","290.3","","299.9","","293.5","","289.6","","289.8","","282.9","","286.1","","293.7","","293.9","","292.7","","290.1","","260.9","","229.0","","227.4","","245.2","","258.8","","269.7","","271.2","","281.6","","277.8","","256.4","","248.7","","252.5","","269.8","","261.2","","268.2","","260.4","","268.6","","256.0","","248.2","","261.2","","254.0","","252.6","","250.6","","244.8","","253.4","","256.1","","251.8","","244.2","","251.7","","254.3","","249.5","","254.2","","252.9","","251.8","","260.1","","263.2","","267.5","","258.6","","261.2","","266.7","","277.3","","279.5","","276.7","","281.8","","290.8","","294.5","","280.7","","290.7","","283.0","","293.1","","293.4","","298.4","","306.4","","290.1","","285.7","","287.2","","282.6","","282.3","","273.2","","278.3","","294.1","","287.3","","293.0","","285.0","","298.7","","294.4","","287.7","","287.4","","288.6","","297.2",""
"Public administration","356.6","","355.9","","348.8","","353.4","","357.3","","362.1","","361.7","","362.7","","354.3","","354.1","","352.8","","346.2","","343.9","","340.4","","343.1","","345.4","","346.3","","341.9","","351.0","","341.7","","345.9","","349.4","","346.3","","339.1","","339.8","","348.2","","351.1","","349.8","","357.5","","364.3","","375.4","","380.9","","372.6","","374.9","","369.4","","369.0","","373.1","","379.9","","375.4","","368.5","","380.6","","387.6","","392.1","","405.2","","390.7","","387.6","","381.9","","389.2","","387.8","","388.1","","387.4","","397.0","","400.1","","425.2","","428.1","","420.7","","435.1","","417.1","","425.1","","426.1","","423.8","","421.6","","424.9","","433.5","","442.6","","448.9","","460.6","","469.0","","448.2","","455.0","","455.9","","456.7","","453.0","","458.9","","457.4","","462.0","","467.8","","476.6","","467.1","","469.6","","464.4","","463.7","","456.0","","458.8","","461.5","","466.9","","464.6","","465.6","","474.1","","470.3","","486.7","","482.8","","479.4","","469.2","","470.4","","476.5","","471.0","","473.8","","477.6","","480.4","","471.8","","474.9","","482.2","","476.3","","459.2","","460.2","","461.0","","466.7",""




Footnotes:
1,"Fluctuations in economic time series are caused by seasonal, cyclical and irregular movements. A seasonally adjusted series is one from which seasonal movements have been eliminated. Seasonal movements are defined as those which are caused by regular annual events such as climate, holidays, vacation periods and cycles related to crops, production and retail sales associated with Christmas and Easter. It should be noted that the seasonally adjusted series contain irregular as well as longer-term cyclical fluctuations. The seasonal adjustment program is a complicated computer program which differentiates between these seasonal, cyclical and irregular movements in a series over a number of years and, on the basis of past movements, estimates appropriate seasonal factors for current data. On an annual basis, the historic series of seasonally adjusted data are revised in light of the most recent information on changes in seasonality."
2,"To ensure respondent confidentiality, estimates below a certain threshold are suppressed. For Canada, Quebec, Ontario, Alberta and British Columbia suppression is applied to all data below 1,500. The threshold level for Newfoundland and Labrador, Nova Scotia, New Brunswick, Manitoba and Saskatchewan is 500, while in Prince Edward Island, estimates under 200 are suppressed. Census metropolitan areas (CMAs) and economic regions (ERs) use their respective provincial suppression levels mentioned above. Estimates are based on smaller sample sizes the more detailed the table becomes, which could result in lower data quality."
3,"For more information on seasonal adjustment see <a href="http://www.statcan.gc.ca/eng/dai/btd/sad-faq" rel="external noopener noreferrer" target="_blank">Seasonally adjusted data - Frequently asked questions (opens new window)</a>."
4,"Starting in 2006, enhancements to the Labour Force Survey data processing system may have introduced a level shift in some estimates, particularly for less common labour force characteristics. Use caution when comparing estimates before and after 2006. For more information, contact statcan.labour-travail.statcan@statcan.gc.ca"
5,"Excluding the territories."
6,"Industry refers to the general nature of the business carried out by the employer for whom the respondent works (main job only). Industry estimates in this table are based on the 2022 North American Industry Classification System (NAICS)."
7,"This combines the North American Industry Classification System (NAICS) codes 11 to 91."
8,"This combines the North American Industry Classification System (NAICS) codes 11 to 33."
9,"Labour Force Survey (LFS) North American Industry Classification System (NAICS) code exception: add group 1100 - Farming - not elsewhere classified (nec). When the type of farm activity cannot be distinguished between crop and livestock, (for example: mixed farming)."
10,"Labour Force Survey (LFS) North American Industry Classification System (NAICS) code exception: add group 2100 - Mining - not elsewhere classified (nec). Whenever the type of mining activity cannot be distinguished."
11,"Also referred to as Natural resources."
12,"This combines the North American Industry Classification System (NAICS) codes 41 to 91."
13,"Formerly "Management of companies and administrative and other support services"."



"How to cite: Statistics Canada. Table 14-10-0355-01  Employment by industry, monthly, seasonally adjusted and unadjusted, and trend-cycle, last 5 months (x 1,000)"
https://www150.statcan.gc.ca/t1/tbl1/en/tv.action?pid=1410035501